TARGET_TABLE_NAME;ACTIVE_FLAG;BUSINESS_UNIT;COLUMNS;INCREMENTAL_COLUMN;LOAD_TYPE;PROCESS_ID;SOURCE_ENDPOINT;SOURCE_TABLE;TEMPORAL_NAME
SAP_UNACEM_EC_ZIFCMLMATLEDGDOC;true;;;;full;10;SAP_UNACEM_EC;ZIFCMLMATLEDGDOC;ZIFCMLMATLEDGDOC_CDC
CONCREMAX_FULL_DMS_DOV;true;;;;full;10;CONCREMAX_FULL_DMS;dov;
UNICON_REPLCS_FULL_DMS_ICAT;true;;;;full;10;UNICON_REPLCS_FULL_DMS;icat;
SAP_UNACEM_EC_POC_ZIWORKCENTERTD;true;;;;full;10;SAP_UNACEM_EC_POC;ZIWORKCENTERTD;ZIWORKCENTERTD
UNICON_FULL_DMS_FAM;true;;;;full;10;UNICON_FULL_DMS;fam;
SAP_UNACEM_EC_ZIMATVALUATION;true;;;;full;10;SAP_UNACEM_EC;ZIMATVALUATION;ZIMATVALUATION
CONCREMAXREPLCS_FULL_DMS_PLNT;true;;;;full;10;CONCREMAXREPLCS_FULL_DMS;plnt;
CONCREMAX_FULL_DMS_OCC;true;;;;full;10;CONCREMAX_FULL_DMS;occ;
SAP_UNACEM_EC_IPRODUCT;true;;;;full;10;SAP_UNACEM_EC;IPRODUCT;IPRODUCT_CDC
UNICON_REPLCS_FULL_DMS_RSNC;true;;;;full;10;UNICON_REPLCS_FULL_DMS;rsnc;
UNICON_FULL_DMS_DOV;true;;;;full;10;UNICON_FULL_DMS;dov;
CONCREMAX_FULL_DMS_TCB;true;;;;full;10;CONCREMAX_FULL_DMS;tcb;
UNICON_FULL_DMS_DDV;true;;;;full;10;UNICON_FULL_DMS;ddv;
CONCREMAX_FULL_DMS_DDV;true;;;;full;10;CONCREMAX_FULL_DMS;ddv;
CONCREMAX_FULL_DMS_IGR;true;;;;full;10;CONCREMAX_FULL_DMS;igr;
SAP_UNACEM_EC_ZIHBDREPSTRUCML;true;;;;full;10;SAP_UNACEM_EC;ZIHBDREPSTRUCML;
CONCREMAXREPLCS_FULL_DMS_COMP;true;;;;full;10;CONCREMAXREPLCS_FULL_DMS;comp;
UNICON_REPLCS_FULL_DMS_PLNT;true;;;;full;10;UNICON_REPLCS_FULL_DMS;plnt;
SAP_UNACEM_EC_ZISALESDOBASDEX;true;;;;full;10;SAP_UNACEM_EC;ZISALESDOBASDEX;ZISALESDOBASDEX
UNICON_FULL_DMS_COO;true;;;;full;10;UNICON_FULL_DMS;coo;
SALESFORCE_OPPORTUNITY;true;;"""Tonelaje_2__c,Zona__c,IsClosed,PushCount,A_o_4__c,HasOverdueTask,Segmento_de_Uso__c,Id,LastActivityDate,Muestras__c,Tipo_de_Precio__c,IsWon,Capacitaci_n__c,LastModifiedById,FiscalYear,Tonelaje_1__c,Name,ContactId,Tonelaje_4__c,Comentario_Perdida__c,Tonelaje_5__c,LastViewedDate,T_rminos_de_Pago__c,Fiscal,LastReferencedDate,LastModifiedDate,A_o_2__c,Fecha_Inicio__c,NextStep,CreatedDate,ForecastCategory,CampaignId,Precio_Referencial__c,ForecastCategoryName,DB_Competitor__c,A_o_1__c,IsDeleted,Canal__c,Movilizaci_n__c,A_o_3__c,Cerrado_Ganado__c,Tonelaje_3__c,LastAmountChangedHistoryId,Probability,CloseDate,No_actual_de_visitas__c,AccountId,Toneladas__c,HasOpenActivity,Presupuesto__c,LastCloseDateChangedHistoryId,Calcular_IVA__c,Cerrado_Perdido__c,OwnerId,Amount,StageName,LastStageChangeDate,FiscalQuarter,Description,Total__c,Candidato__c,SystemModstamp,Type,Pruebas__c,CreatedById,A_o_5__c,SyncedQuoteId,HasOpportunityLineItem,LeadSource,Pricebook2Id""";;full;10;SALESFORCE_UNACEM_EC;opportunity;
CONCREMAX_FULL_DMS_COB;true;;;;full;10;CONCREMAX_FULL_DMS;cob;
UNICON_FULL_DMS_DAC;true;;;;full;10;UNICON_FULL_DMS;dac;
UNICON_FULL_DMS_EST;true;;;;full;10;UNICON_FULL_DMS;est;
CONCREMAXREPLCS_FULL_DMS_USGE;true;;;;full;10;CONCREMAXREPLCS_FULL_DMS;usge;
UNICON_FULL_DMS_DVT;true;;;;full;10;UNICON_FULL_DMS;dvt;
UNICON_FULL_DMS_RCL;true;;;;full;10;UNICON_FULL_DMS;rcl;
UNICON_FULL_DMS_GRE;true;;;;full;10;UNICON_FULL_DMS;gre;
CONCREMAX_FULL_DMS_ODE;true;;;;full;10;CONCREMAX_FULL_DMS;ode;
SAP_UNACEM_EC_ZIOPCSEG;true;;;;full;10;SAP_UNACEM_EC;ZIOPCSEG;ZIOPCSEG_CDC
SAP_UNACEM_EC_ZIADDRESS;true;;;;full;10;SAP_UNACEM_EC;ZIADDRESS;ZIADDRESS_CDC
SAP_UNACEM_EC_ZIPRODUCTTEXT;true;;;;full;10;SAP_UNACEM_EC;ZIPRODUCTTEXT;ZIPRODUCTTEXT_CDC
CONCREMAX_FULL_DMS_BOM;true;;;;full;10;CONCREMAX_FULL_DMS;bom;
SAP_UNACEM_EC_ZISEGMENTOS;true;;;;full;10;SAP_UNACEM_EC;ZISEGMENTOS;ZISEGMENTOS
SALESFORCE_CONTRACT_UNICON_PE;true;;*;;full;10;SALESFORCE_UNICON_PE;contract;
SAP_UNACEM_EC_ZIPROVINCETEXT;true;;;;full;10;SAP_UNACEM_EC;ZIPROVINCETEXT;ZIPROVINCETEXT_CDC
CONCREMAX_FULL_DMS_PER;true;;;;full;10;CONCREMAX_FULL_DMS;per;
CONCREMAX_FULL_DMS_TIR;true;;;;full;10;CONCREMAX_FULL_DMS;tir;
SAP_UNACEM_EC_ZISDSLSDOCITMDX1;true;;;;full;10;SAP_UNACEM_EC;ZISDSLSDOCITMDX1;ZISDSLSDOCITMDX1_CDC
SALESFORCE_ORDER;true;;"""EndDate,FechaEstimadaEntrega__c,EffectiveDate,ViaPago__c,Operador_Logistico__c,DireccionEnvioPuntoVenta__c,ShippingCountry,DiasCredito__c,BillingGeocodeAccuracy,Id,ShippingLatitude,StatusCode,Incluye_Flete__c,Precio__c,IncluyeEstibaje__c,DireccionEnvioPuntoVenta__Longitude__s,LastModifiedById,CompanyAuthorizedById,ContactoAsesor__c,ActivatedDate,ShippingCity,DireccionEnvioPuntoVenta__Latitude__s,ShippingPostalCode,BillingStreet,ShippingLongitude,LastViewedDate,ShippingStreet,LastModifiedDate,LastReferencedDate,Incluye_Estibaje__c,CreatedDate,CorreoElectronico__c,BillingCity,IsDeleted,ShippingGeocodeAccuracy,ContractId,BillingLongitude,BillingPostalCode,RUC__c,DireccionAdicionalEntrega__c,BillingLatitude,OtraDireccionEntrega__c,V_a_de_Pago__c,Direcci_n_Adicional_Entrega__Latitude__s,OrderNumber,Otra_Direcci_n_de_Entrega__c,OriginalOrderId,AccountId,CustomerAuthorizedById,BillingCountry,Status,ShippingState,ActivatedById,IncluyeFlete__c,Observaciones__c,OperadorLogistico__c,IsReductionOrder,BillingState,Fecha_estimada_entrega__c,OwnerId,Correo_Electronico__c,Description,ShippingAddress,BillingAddress,D_as_de_cr_dito__c,TotalAmount,Type,SystemModstamp,Direcci_n_Adicional_Entrega__Longitude__s,CreatedById,Direcci_n_Adicional_Entrega__c,Pricebook2Id""";;full;10;SALESFORCE_UNACEM_EC;order;
UNICON_FULL_DMS_PER;true;;;;full;10;UNICON_FULL_DMS;per;
SALESFORCE_SURVEYQUESTION;true;;"""QuestionType,LastModifiedById,IsDeleted,DeveloperName,SurveyVersionId,SurveyPageId,ValidationType,Name,IsDeprecated,SystemModstamp,QuestionOrder,PageDisplayOrder,CreatedById,Id,LastModifiedDate,CreatedDate,QuestionName,PageName""";;full;10;SALESFORCE_UNACEM_EC;surveyquestion;
SAP_UNACEM_EC_ZICTA506;true;;;;full;10;SAP_UNACEM_EC;ZICTA506;ZICTA506_CDC
SHAREPOINT_testappflow;true;UNICON PE;*;;full;10;SHAREPOINT_UNACEM_EC;testappflow;testappflow.xlsx
SALESFORCE_ACCOUNT_UNICON_PE;true;;*;;full;10;SALESFORCE_UNICON_PE;account;
UNICON_INC_DMS_PAL;true;;;;full;10;UNICON_INC_DMS;pal;
SALESFORCE_VISITPLAN__C;true;;"""LastModifiedById,IsDeleted,OwnerId,TotalVisits__c,ToDate__c,Name,TotalTons__c,SystemModstamp,LastViewedDate,LastActivityDate,CreatedById,Id,LastModifiedDate,CreatedDate,LastReferencedDate,FromDate__c""";;full;10;SALESFORCE_UNACEM_EC;visitplan__c;
UNICON_FULL_DMS_PER_EMP;true;;;;full;10;UNICON_FULL_DMS;per_emp;
CONCREMAX_FULL_DMS_PTA;true;;;;full;10;CONCREMAX_FULL_DMS;pta;
SHAREPOINT_fuente_ajuste;true;UNACEM EC;*;;full;10;SHAREPOINT_UNACEM_EC;fuente_ajuste;fuente_ajuste.cvs
SAP_UNACEM_EC_ZSDSLSDOCBIZDAT;true;;;;full;10;SAP_UNACEM_EC;ZSDSLSDOCBIZDAT;ZSDSLSDOCBIZDAT_CDC
UNICON_REPLCS_INC_DMS_ORDL;true;;;;full;10;UNICON_REPLCS_INC_DMS;ordl;
SAP_UNACEM_EC_IFIOPACCTGDOCIT;true;;;;full;10;SAP_UNACEM_EC;IFIOPACCTGDOCIT;IFIOPACCTGDOCIT_CDC
SALESFORCE_TASK_UNICON_PE;true;;*;;full;10;SALESFORCE_UNICON_PE;task;
SAP_UNACEM_EC_ZITERMSPAYTEXT;true;;;;full;10;SAP_UNACEM_EC;ZITERMSPAYTEXT;ZITERMSPAYTEXT_CDC
UNICON_FULL_DMS_OCC;true;;;;full;10;UNICON_FULL_DMS;occ;
CONCREMAX_FULL_DMS_SIS;true;;;;full;10;CONCREMAX_FULL_DMS;sis;
SAP_UNACEM_EC_CSDBDOCITMPECDX1;true;;;;full;10;SAP_UNACEM_EC;CSDBDOCITMPECDX1;
CONCREMAX_FULL_DMS_PSP;true;;;;full;10;CONCREMAX_FULL_DMS;psp;
SALESFORCE_PRODUCT2;true;;"""StockKeepingUnit,Family,Id,LastModifiedById,Name,IsArchived,LastViewedDate,LastReferencedDate,LastModifiedDate,PRESENTACION__c,CreatedDate,ExternalDataSourceId,ExternalId,DisplayUrl,IsDeleted,Toneladas__c,ProductCode,Description,QuantityUnitOfMeasure,SystemModstamp,CreatedById,IsActive""";;full;10;SALESFORCE_UNACEM_EC;product2;
SAP_UNACEM_EC_ZICUSTOMER;true;;;;full;10;SAP_UNACEM_EC;ZICUSTOMER;ZICUSTOMER
SAP_UNACEM_EC_ZICUSTGRP3TEXT;true;;;;full;10;SAP_UNACEM_EC;ZICUSTGRP3TEXT;ZICUSTGRP3TEXT_CDC
SHAREPOINT_pres_visitas;true;UNACEM EC;*;;full;10;SHAREPOINT_UNACEM_EC;pres_visitas;pres_visitas.csv
SALESFORCE_UNICON_OBJ_DESPACHO__C_UNICON_PE;true;;*;;full;10;SALESFORCE_UNICON_PE;unicon_obj_despacho__c;
CONCREMAX_FULL_DMS_TOB;true;;;;full;10;CONCREMAX_FULL_DMS;tob;
SAP_UNACEM_EC_ZICUSSALPARTF;true;;;;full;10;SAP_UNACEM_EC;ZICUSSALPARTF;ZICUSSALPARTF
CONCREMAX_FULL_DMS_RCL;true;;;;full;10;CONCREMAX_FULL_DMS;rcl;
SAP_UNACEM_EC_ZPPROCMTALTV;true;;;;full;10;SAP_UNACEM_EC;ZPPROCMTALTV;ZPPROCMTALTV_CDC
CONCREMAX_FULL_DMS_COO;true;;;;full;10;CONCREMAX_FULL_DMS;coo;
UNICON_FULL_DMS_BOM;true;;;;full;10;UNICON_FULL_DMS;bom;
CONCREMAXREPLCS_FULL_DMS_ICAT;true;;;;full;10;CONCREMAXREPLCS_FULL_DMS;icat;
CONCREMAX_FULL_DMS_DCC;true;;;;full;10;CONCREMAX_FULL_DMS;dcc;
CONCREMAXREPLCS_FULL_DMS_PROJ;true;;;;full;10;CONCREMAXREPLCS_FULL_DMS;proj;
CONCREMAXREPLCS_FULL_DMS_ORDR;true;;;;full;10;CONCREMAXREPLCS_FULL_DMS;ordr;
SALESFORCE_VOLUMENES__C_HD;true;;"""ValidFromDate,ParentId,IsDeleted,TM_REAL__c_hpr,Total_TM__c_hst,Fecha_LM__c_hst,Total_TM__c_hpr,Fecha_LM__c_hpr,SystemModstamp,TM_REAL__c_hst,CreatedById,Id,CreatedDate,ValidToDate""";CreatedDate;full;10;SALESFORCE_UNACEM_EC;volumenes__c_hd;
SAP_UNACEM_EC_IPRDSALESDELIV;true;;;;full;10;SAP_UNACEM_EC;IPRDSALESDELIV;IPRDSALESDELIV_CDC
CONCREMAX_FULL_DMS_TCOM_COSTO_SDC;true;;;;full;10;CONCREMAX_FULL_DMS;tcom_costo_sdc;
UNICON_FULL_DMS_TOB;true;;;;full;10;UNICON_FULL_DMS;tob;
SALESFORCE_UNICON_OBJ_FRENTE__C_UNICON_PE;true;;*;;full;10;SALESFORCE_UNICON_PE;unicon_obj_frente__c;
SAP_UNACEM_EC_ZICTA902;true;;;;full;10;SAP_UNACEM_EC;ZICTA902;
CONCREMAX_FULL_DMS_EQU;true;;;;full;10;CONCREMAX_FULL_DMS;equ;
SAP_UNACEM_EC_IFICOMPANYCODE;true;;;;full;10;SAP_UNACEM_EC;IFICOMPANYCODE;
SAP_UNACEM_EC_ZIMLDOCXTRCTR;true;;;;full;10;SAP_UNACEM_EC;ZIMLDOCXTRCTR;
SAP_UNACEM_EC_ZICKMLHD;true;;;;full;10;SAP_UNACEM_EC;ZICKMLHD;
SHAREPOINT_fuente_dias_laborables;true;UNACEM EC;*;;full;10;SHAREPOINT_UNACEM_EC;fuente_dias_laborables;fuente_dias_laborables.csv
UNICON_FULL_DMS_PTA;true;;;;full;10;UNICON_FULL_DMS;pta;
CONCREMAX_FULL_DMS_DVT;true;;;;full;10;CONCREMAX_FULL_DMS;dvt;
SAP_UNACEM_EC_ZIPAYTERCONTEXT;true;;;;full;10;SAP_UNACEM_EC;ZIPAYTERCONTEXT;
SHAREPOINT_BD_EBITDA_GRANULAR_ok;true;UNICON PE;*;;full;10;SHAREPOINT_UNACEM_EC;BD_EBITDA_GRANULAR_ok;General/UNICON PE/BD_EBITDA_GRANULAR_ok.csv
SALESFORCE_UNICON_OBJ_PLANTA__C_UNICON_PE;true;;*;;full;10;SALESFORCE_UNICON_PE;unicon_obj_planta__c;
SAP_UNACEM_EC_ZICOSTELET;true;;;;full;10;SAP_UNACEM_EC;ZICOSTELET;
SAP_UNACEM_EC_ZIINTERCHARACTXT;true;;;;full;10;SAP_UNACEM_EC;ZIINTERCHARACTXT;
SAP_UNACEM_EC_ZICONSCAT;true;;;;full;10;SAP_UNACEM_EC;ZICONSCAT;
UNICON_INC_DMS_IPA;true;;;;full;10;UNICON_INC_DMS;ipa;
SAP_UNACEM_EC_POC_ZIMFGORDCONFD;true;;;;full;10;SAP_UNACEM_EC_POC;ZIMFGORDCONFD;ZIMFGORDCONFD
SHAREPOINT_Pres_visitas;true;UNICON PE;*;;full;10;SHAREPOINT_UNACEM_EC;Pres_visitas;Pres_visitas.xlsx
SAP_UNACEM_EC_ZISALESZONETEXT;true;;;;full;10;SAP_UNACEM_EC;ZISALESZONETEXT;
SALESFORCE_CASE_UNICON_PE;true;;*;;full;10;SALESFORCE_UNICON_PE;case;
SAP_UNACEM_EC_ZIMATERIALPLANT;true;;;;full;10;SAP_UNACEM_EC;ZIMATERIALPLANT;ZIMATERIALPLANT
UNICON_FULL_DMS_IGR;true;;;;full;10;UNICON_FULL_DMS;igr;
SALESFORCE_SURVEYQUESTIONRESPONSE;true;;"""IpAddress,Id,CompletionDateTime,Language,LastModifiedById,SurveyVersionId,InterviewId,Name,SurveyId,LastViewedDate,LastReferencedDate,LastModifiedDate,CreatedDate,IsDeleted,InvitationId,Status,SubmitterId,InterviewGuid,SystemModstamp,Latitude,CreatedById,Location,Longitude""";;full;10;SALESFORCE_UNACEM_EC;surveyquestionresponse;
UNICON_REPLCS_FULL_DMS_SCHD;true;;;;full;10;UNICON_REPLCS_FULL_DMS;schd;
CONCREMAX_FULL_DMS_TCOM_COSTO;true;;;;full;10;CONCREMAX_FULL_DMS;tcom_costo;
UNICON_FULL_DMS_FER;true;;;;full;10;UNICON_FULL_DMS;fer;
SAP_UNACEM_EC_ZICUSTGRP4TEXT;true;;;;full;10;SAP_UNACEM_EC;ZICUSTGRP4TEXT;
SHAREPOINT_test_file;true;UNACEM EC;*;;full;10;SHAREPOINT_UNACEM_EC;test_file;test_file.xlsx
CONCREMAX_FULL_DMS_DNT;true;;;;full;10;CONCREMAX_FULL_DMS;dnt;
SAP_UNACEM_EC_ZICUSTGRP1TEXT;true;;;;full;10;SAP_UNACEM_EC;ZICUSTGRP1TEXT;
UNICON_REPLCS_FULL_DMS_TKTL;true;;;;full;10;UNICON_REPLCS_FULL_DMS;tktl;
UNICON_FULL_DMS_DNT;true;;;;full;10;UNICON_FULL_DMS;dnt;
SAP_UNACEM_EC_ZIFIFYEARPERIOD;true;;;;full;10;SAP_UNACEM_EC;ZIFIFYEARPERIOD;
SAP_UNACEM_EC_ZIACCTSHIPCSTIT;true;;;;full;10;SAP_UNACEM_EC;ZIACCTSHIPCSTIT;ZIACCTSHIPCSTIT
SAP_UNACEM_EC_ZIPICKUPORDER;true;;;;full;10;SAP_UNACEM_EC;ZIPICKUPORDER;
SAP_UNACEM_EC_ZICUSTGRPTEXT;true;;;;full;10;SAP_UNACEM_EC;ZICUSTGRPTEXT;
SAP_UNACEM_EC_POC_ZIMFGORDID;true;;;;full;10;SAP_UNACEM_EC_POC;ZIMFGORDID;ZIMFGORDID
SALESFORCE_UNICON_OBJ_FRENTEDEOPORTUNIDAD__C_UNICON_PE;true;;*;;full;10;SALESFORCE_UNICON_PE;unicon_obj_frentedeoportunidad__c;
SAP_UNACEM_EC_ZICNDTNITM;true;;;;full;10;SAP_UNACEM_EC;ZICNDTNITM;
SALESFORCE_INVESTIGACION_SACOS__C;true;;*;;full;10;SALESFORCE_UNACEM_EC;investigacion_sacos__c;
UNICON_FULL_DMS_PREVTA;true;;;;full;10;UNICON_FULL_DMS;prevta;
SAP_UNACEM_EC_ZISALESDOCDELD;true;;;;full;10;SAP_UNACEM_EC;ZISALESDOCDELD;
CONCREMAX_FULL_DMS_ACO;true;;;;full;10;CONCREMAX_FULL_DMS;aco;
CONCREMAX_FULL_DMS_PREVTA;true;;;;full;10;CONCREMAX_FULL_DMS;prevta;
SAP_UNACEM_EC_ZIORDERDELIVSD;true;;;;full;10;SAP_UNACEM_EC;ZIORDERDELIVSD;
SAP_UNACEM_EC_ZIPAYMENTMETHOD;true;;;;full;10;SAP_UNACEM_EC;ZIPAYMENTMETHOD;
SAP_UNACEM_EC_ILEDELIVDOC;true;;;;full;10;SAP_UNACEM_EC;ILEDELIVDOC;
SAP_UNACEM_EC_ZISEGSOCCLI;true;;;;full;10;SAP_UNACEM_EC;ZISEGSOCCLI;
CONCREMAXREPLCS_FULL_DMS_SCHL;true;;;;full;10;CONCREMAXREPLCS_FULL_DMS_TEST;schl;
CONCREMAX_FULL_DMS_FER_COM;true;;;;full;10;CONCREMAX_FULL_DMS;fer_com;
SAP_UNACEM_EC_ZICUSTOMERCOMP;true;;;;full;10;SAP_UNACEM_EC;ZICUSTOMERCOMP;ZICUSTOMERCOMP
UNICON_FULL_DMS_OBR;true;;;;full;10;UNICON_FULL_DMS;obr;
CONCREMAX_FULL_DMS_DAC;true;;;;full;10;CONCREMAX_FULL_DMS;dac;
CONCREMAX_FULL_DMS_PED;true;;;;full;10;CONCREMAX_FULL_DMS;ped;
SALESFORCE_ORDER_UNICON_PE;true;;*;;full;10;SALESFORCE_UNICON_PE;order;
SAP_UNACEM_EC_ZIBILLDOCITMB;true;;;;full;10;SAP_UNACEM_EC;ZIBILLDOCITMB;ZIBILLDOCITMB
SAP_UNACEM_EC_ZIVALUATIONAREA;true;;;;full;10;SAP_UNACEM_EC;ZIVALUATIONAREA;
UNICON_INC_DMS_ODE;true;;;;full;10;UNICON_INC_DMS;ode;
CONCREMAXREPLCS_FULL_DMS_TKTL;true;;;;full;10;CONCREMAXREPLCS_FULL_DMS;tktl;
SALESFORCE_OPPORTUNITY_UNICON_PE;true;;*;;full;10;SALESFORCE_UNICON_PE;opportunity;
SALESFORCE_LEAD_UNICON_PE;true;;*;;full;10;SALESFORCE_UNICON_PE;lead;
SALESFORCE_QUOTE_UNICON_PE;true;;*;;full;10;SALESFORCE_UNICON_PE;quote;
CONCREMAXREPLCS_FULL_DMS_TICK;true;;;;full;10;CONCREMAXREPLCS_FULL_DMS;tick;
SALESFORCE_RECORDTYPE;true;;"""DeveloperName,BusinessProcessId,LastModifiedById,Name,SobjectType,NamespacePrefix,Description,SystemModstamp,CreatedById,Id,LastModifiedDate,CreatedDate,IsActive""";;full;10;SALESFORCE_UNACEM_EC;recordtype;
SAP_UNACEM_EC_ZICTA925;true;;;;full;10;SAP_UNACEM_EC;ZICTA925;
UNICON_REPLCS_FULL_DMS_COMP;true;;;;full;10;UNICON_REPLCS_FULL_DMS;comp;
CONCREMAX_FULL_DMS_FER;true;;;;full;10;CONCREMAX_FULL_DMS;fer;
SAP_UNACEM_EC_ZICTSALESORGMAT;true;;;;full;10;SAP_UNACEM_EC;ZICTSALESORGMAT;
UNICON_REPLCS_FULL_DMS_PROJ;true;;;;full;10;UNICON_REPLCS_FULL_DMS;proj;
CONCREMAX_FULL_DMS_FAM;true;;;;full;10;CONCREMAX_FULL_DMS;fam;
UNICON_FULL_DMS_PSP;true;;;;full;10;UNICON_FULL_DMS;psp;
SALESFORCE_LEAD;true;;"""Proyecto_BS__c,Volumen_aprox_m3__c,No_actual_de_visitas__c,IsUnreadByOwner,PhotoUrl,Zona__c,Telf_Contacto__c,Tel_fono__c,Asesor_Hormigon__c,Comentario_Precio__c,Precio_Bomba_adicional__c,Name,IsConverted,LastModifiedById,MALongitude__c,MC4SF__MC_Subscriber__c,Proveedor_Hormigon_Adicional__c,MasterRecordId,MAVerifiedLatitude__c,Email_contacto__c,MobilePhone,Website,DB_Lead_Age__c,Jigsaw,PostalCode,Precio_Hormig_n__c,Tipo_de_prospecto__c,Resistencia_Secundaria__c,JigsawContactId,MALatitude__c,Sitio__c,FirstName,Distribuidor__c,SystemModstamp,City,EmailBouncedDate,Seleccion_canal__c,Canton__c,GeocodeAccuracy,CreatedById,Country,Industry,CreatedDate,ConvertedDate,AnnualRevenue,Zona_de_Ventas__c,Resistencia_Principal__c,Contacto_Principal__c,Frecuencia_PDV__c,Status,LastModifiedDate,Subzona__c,Distribuidor_UE__c,Proveedor_Principal_Cemento__c,Description,LastName,OwnerId,IsDeleted,RUC__c,ConvertedOpportunityId,Parroquia__c,ConvertedContactId,Title,MAVerifiedLongitude__c,Proveedor_Hormigon__c,Dist_Cemento_Principal__c,LastViewedDate,Street,Rating,Tipo_Proyecto__c,RecordTypeId,LastActivityDate,IndividualId,Latitude,Provincia__c,DB_Created_Date_without_Time__c,Imagen__c,Proveedor_Secundario_Cemento__c,LeadSource,Condiciones_Comerciales__c,Longitude,NumberOfEmployees,Marcas_Manejantes__c,ConvertedAccountId,Competidor__c,NO_Empleado__c,maps__AssignmentRule__c,Salutation,State,Address,Company,LastReferencedDate,Id,EmailBouncedReason,Email,Phone,Nombre_Contacto__c,Sector__c,Zona_EM__c""";;full;10;SALESFORCE_UNACEM_EC;lead;
UNICON_FULL_DMS_TCOM_COSTO;true;;;;full;10;UNICON_FULL_DMS;tcom_costo;
SHAREPOINT_fuente_pres;true;UNACEM EC;*;;full;10;SHAREPOINT_UNACEM_EC;fuente_pres;fuente_pres.csv
SALESFORCE_SURVEY;true;;"""DeveloperName,LastModifiedById,IsDeleted,OwnerId,Name,Description,NamespacePrefix,LatestVersionId,SystemModstamp,LastViewedDate,SurveyType,LastReferencedDate,CreatedById,Id,LastModifiedDate,CreatedDate,TotalVersionsCount,ActiveVersionId""";;full;10;SALESFORCE_UNACEM_EC;survey;
SALESFORCE_SURVEYINVITATION;true;;"""Id,InvitationLink,OptionsCollectAnonymousResponse,EmailBrandingId,LastModifiedById,UUID,Name,ContactId,SurveyId,LeadId,LastViewedDate,LastReferencedDate,LastModifiedDate,UserId,OptionsAllowGuestUserResponse,CreatedDate,InviteExpiryDateTime,IsDeleted,ParticipantId,OptionsAllowParticipantAccessTheirResponse,Email__c,ResponseStatus,IsDefault,CommunityId,OwnerId,SystemModstamp,CreatedById""";;full;10;SALESFORCE_UNACEM_EC;surveyinvitation;
SALESFORCE_CONTACT_UNICON_PE;true;;*;;full;10;SALESFORCE_UNICON_PE;Contact;
CONCREMAX_FULL_DMS_NTR;true;;;;full;10;CONCREMAX_FULL_DMS;ntr;
SHAREPOINT_BD_EBITDA_Budget_ok;true;UNICON PE;*;;full;10;SHAREPOINT_UNACEM_EC;BD_EBITDA_Budget_ok;General/UNICON PE/BD_EBITDA_Budget_ok.csv
UNICON_FULL_DMS_FER_COM;true;;;;full;10;UNICON_FULL_DMS;fer_com;
SAP_UNACEM_EC_ZIREGIONTEXT;true;;;;full;10;SAP_UNACEM_EC;ZIREGIONTEXT;
SALESFORCE_UNICON_OBJ_SALDO__C_UNICON_PE;true;;*;;full;10;SALESFORCE_UNICON_PE;unicon_obj_saldo__c;
CONCREMAX_FULL_DMS_TCOM_INSUMO_SDC;true;;;;full;10;CONCREMAX_FULL_DMS;TCOM_INSUMO_SDC;
SALESFORCE_ACCOUNTCONTACTRELATION_UNICON_PE;true;;*;;full;10;SALESFORCE_UNICON_PE;accountcontactrelation;
UNICON_FULL_DMS_DCC;true;;;;full;10;UNICON_FULL_DMS;dcc;
UNICON_REPLCS_INC_DMS_ORDR;true;;;;full;10;UNICON_REPLCS_INC_DMS;ordr;
SAP_UNACEM_EC_ZICTA502;true;;;;full;10;SAP_UNACEM_EC;ZICTA502;
CONCREMAX_FULL_DMS_PAL;true;;;;full;10;CONCREMAX_FULL_DMS;pal;
UNICON_REPLCS_FULL_DMS_USGE;true;;;;full;10;UNICON_REPLCS_FULL_DMS;usge;
SAP_UNACEM_EC_ZICTA508;true;;;;full;10;SAP_UNACEM_EC;ZICTA508;
SAP_UNACEM_EC_POC_ZIWORKCENTERD;true;;;;full;10;SAP_UNACEM_EC_POC;ZIWORKCENTERD;ZIWORKCENTERD
SHAREPOINT_Data_Target;true;;*;;full;10;SHAREPOINT_UNACEM_EC_POC;Data_Target;Data_Target.xlsx
SAP_UNACEM_EC_ZISDSLSDISTRICTT;true;;;;full;10;SAP_UNACEM_EC;ZISDSLSDISTRICTT;
UNICON_FULL_DMS_TCOM_INSUMO_SDC;true;;;;full;10;UNICON_FULL_DMS;TCOM_INSUMO_SDC;
SHAREPOINT_base_slide_global;true;UNACEM EC;*;;full;10;SHAREPOINT_UNACEM_EC;base_slide_global;base_slide_global.csv
SAP_UNACEM_EC_ISDBILLGDOCTYPET;true;;;;full;10;SAP_UNACEM_EC;ISDBILLGDOCTYPET;
SAP_UNACEM_EC_ZICTA002;true;;;;full;10;SAP_UNACEM_EC;ZICTA002;
SAP_UNACEM_EC_ZICONSTANT01;true;;;;full;10;SAP_UNACEM_EC;ZICONSTANT01;
SAP_UNACEM_EC_ZIFICOSTCOMP;true;;;;full;10;SAP_UNACEM_EC;ZIFICOSTCOMP;
UNICON_INC_DMS_PED;true;;;;full;10;UNICON_INC_DMS;ped;
UNICON_FULL_DMS_SIS;true;;;;full;10;UNICON_FULL_DMS;sis;
SAP_UNACEM_EC_ZICTA504;true;;;;full;10;SAP_UNACEM_EC;ZICTA504;
SAP_UNACEM_EC_ILEDELIVDOCITEM;true;;;;full;10;SAP_UNACEM_EC;ILEDELIVDOCITEM;
SAP_UNACEM_EC_ISDSALESDOCTYPET;true;;;;full;10;SAP_UNACEM_EC;ISDSALESDOCTYPET;
CONCREMAX_FULL_DMS_PER_EMP;true;;;;full;10;CONCREMAX_FULL_DMS;per_emp;
SALESFORCE_QUOTE;true;;*;;full;10;SALESFORCE_UNACEM_EC;quote;
SAP_UNACEM_EC_ZIFIPAYTERMSTXT;true;;;;full;10;SAP_UNACEM_EC;ZIFIPAYTERMSTXT;
CONCREMAX_FULL_DMS_IPA;true;;;;full;10;CONCREMAX_FULL_DMS;ipa;
SALESFORCE_TASK;true;;"""RecurrenceMonthOfYear,Precio_Subd_AR__c,Mercado_y_o_competencia__c,DistanceFromRecordMi__c,RecurrenceStartDateOnly,Priority,S_sem_AR_GR__c,Visita_de_Coaching__c,Productos_y_Soluciones__c,Sacos_sem_AR__c,Descripcion_Tableau__c,PVP_AR__c,IsArchived,Precio_Subd_CH_IND__c,RecurrenceRegeneratedType,CH_PVP__c,IsRecurrence,WhoId,CallObject,CheckOutDate__c,Guapan_PVP__c,Check_Out_Distance_From_Record_mtrs__c,HL_PVP__c,Objetivo__c,maps__LayerId__c,PVP_SA__c,Subject,SystemModstamp,Type,Dias_Credito_UE__c,CreatedLongitude__c,CreatedLatitude__c,Reportar_visita__c,Direcci_n__c,mesCreacion__c,IsHighPriority,CallDurationInSeconds,CA_PVP__c,Sacos_sem_CH_IND__c,SA_AH_PVP__c,maps__BaseObjectId__c,Subtipo_visita__c,CallType,IsDeleted,Precio_Subd_SA_AH__c,SOLO_PREFABRICADORES_CTPX__c,HL__c,Pendiente__c,maps__WA_AdvRouteWaypoint__c,Status,RecurrenceDayOfMonth,Lugar__c,Description,Actividades_del_Cliente__c,PVP_AR_GR__c,Precio_Subd_HL__c,CallDisposition,CreatedById,Sacos_sem_CCH__c,Sacos_sem_HL__c,Precio_Dist_CH__c,Sacos_sem_SA__c,PVP_Otro__c,CreatedLocationVerified__c,IsClosed,IsReminderSet,Sacos_sem_UTKA__c,Precio_Subd_CA__c,RecurrenceType,Proyecto__c,Otro__c,Realimentaci_n_Coaching__c,N_Semanal_Sacos__c,Promocion__c,Precio_Dist_Otr__c,Precio_Dist_CH_IND__c,CreatedDate,CheckOutLatitude__c,Precio_Dist_HL__c,Actividades_en_el_cliente__c,RecurrenceDayOfWeekMask,Precio_Dist_Otro__c,PVP_CH_IND__c,Subtipo__c,Distr__c,Precio_Subd_CA_AH__c,Precio_Subd_UTKA__c,CheckInNoValidado__c,Hora_inicio_visita__c,Duracion_de_visita__c,CheckOutDistanceFromRecordMi__c,UE__c,semanaCreacion__c,CheckOutLongitude__c,RecurrenceActivityId,Visita_PDV_ZSC__c,PVP_UTKA__c,Tipo_visita__c,Tipo_Visita_JV__c,PVP_Otro_Describa__c,Id,Productos__c,Visita_Telefonica__c,Plaza__c,Pedido_Recepcionado__c,RecurrenceEndDateOnly,LastModifiedById,a_oCreaci_n__c,CompletedDateTime,RecurrenceTimeZoneSidKey,Estado__c,CA_AH__c,LastModifiedDate,ReminderDateTime,Precio_Subd_CH__c,Cumpli_Objetivo__c,CreatedLocationAccuracy__c,Actividades_Secund_en_Cliente__c,SA_PVP__c,RecurrenceInstance,Imagen_cargada__c,WhatId,AccountId,Precio_Subd_SA__c,Gestion__c,OwnerId,RecurrenceInterval,TaskSubtype,DB_Activity_Type__c,CheckOutAccuracy__c,AR_AH_PVP__c,Precio_Dist_UTKA__c,Tipo_Actividad__c,ActivityDate""";;full;10;SALESFORCE_UNACEM_EC;task;
SAP_UNACEM_EC_ZICHARVALDEX;true;;;;full;10;SAP_UNACEM_EC;ZICHARVALDEX;
SALESFORCE_PRODUCT2_UNICON_PE;true;;*;;full;10;SALESFORCE_UNICON_PE;product2;
CONCREMAXREPLCS_FULL_DMS_RSNC;true;;;;full;10;CONCREMAXREPLCS_FULL_DMS;rsnc;
SHAREPOINT_fuente_ol;true;UNACEM EC;*;;full;10;SHAREPOINT_UNACEM_EC;fuente_ol;fuente_ol.csv
SALESFORCE_VISIT__C;true;;"""DayVisit__c,LastModifiedById,IsDeleted,Subtype__c,TmProjectedDaily__c,Name,DateVisit__c,VisitPlan__c,SystemModstamp,Quantity__c,LastActivityDate,CreatedById,Id,LastModifiedDate,CreatedDate,Type__c""";;full;10;SALESFORCE_UNACEM_EC;visit__c;
SAP_UNACEM_EC_ZIPRDSALESDELIV;true;;;;full;10;SAP_UNACEM_EC;ZIPRDSALESDELIV;
SAP_UNACEM_EC_ZIZREGIONTEXT;true;;;;full;10;SAP_UNACEM_EC;ZIZREGIONTEXT;
SALESFORCE_RELACI_N_DE_CONTACTO_DE_OBRA__C_UNICON_PE;true;;*;;full;10;SALESFORCE_UNICON_PE;relaci_n_de_contacto_de_obra__c;
SALESFORCE_INVESTIGACION_PRECIOS__C;true;;"""Distribuiodor_2__c,LastModifiedDate,Distribuidor_1__c,Candidato__c,OwnerId,IsDeleted,Investigaci_n_General_de_Mercado__c,Tipo_de_Precio__c,SystemModstamp,Porcentaje_Distribuidor_1__c,Porcentaje_Distribuidor_2__c,CreatedById,Id,LastModifiedById,Name,Cuenta__c,CreatedDate,Producto__c,Precio__c""";;full;10;SALESFORCE_UNACEM_EC;investigacion_precios__c;
SALESFORCE_UNICON_OBJ_OBRA__C_UNICON_PE;true;;*;;full;10;SALESFORCE_UNICON_PE;unicon_obj_obra__c;
CONCREMAX_FULL_DMS_GRE;true;;;;full;10;CONCREMAX_FULL_DMS;gre;
SALESFORCE_ENCUESTA_DE_SATISFACCION__C;true;;"""systemmodstamp,satisfacci_n__c,pregunta_9__c,pregunta_8__c,pregunta_7__c,pregunta_6__c,pregunta_5__c,pregunta_4__c,pregunta_3__c,pregunta_2__c,pregunta_1__c,pregunta_10__c,porcentaje_de_no_satisfacci_n__c,p10_a_nota_sobre_satisfacci_n__c,ownerid,name,mes_creacion__c,load_timestamp,lastvieweddate,lastreferenceddate,lastmodifieddate,lastmodifiedbyid,isdeleted,id,filepath,cuenta__c,createddate,createdbyid,contacto__c,anio_creacion__c""";;full;10;SALESFORCE_UNACEM_EC;encuesta_de_satisfaccion__c;
SHAREPOINT_ingreso_proyectado_2024;true;UNACEM EC;*;;full;10;SHAREPOINT_UNACEM_EC;ingreso_proyectado_2024;ingreso_proyectado_2024.csv
SALESFORCE_ACCOUNT;true;;"""ShippingGeocodeAccuracy,Jigsaw,Phone,Imagen__c,Presupuesto_Mochilas__c,Visitas_los_utimos_30_dias__c,Proveedor_Hormigon_Adicional__c,Provincia__c,Segmentaci_n_de_Marketing__c,Ciudad_levantamiento__c,LastActivityDate,Presupuesto_Ficha_Selvalegre__c,Tipo_de_Proyecto__c,Calificaci_n_Descripci_n__c,PDVa__c,Presupuesto_Chalecos_Seguridad__c,X41_50__c,Telefono_Celular__c,Vendedores_externos__c,Fecha_aprox_fin__c,Montacargas__c,Indicador_de_pagos__c,Numero_bloqueos_acumulados__c,X31_40__c,Fecha_aprox_inicio__c,Descripci_n_segmentaci_n_comercial__c,Presupuesto_Ficha_Techcem__c,AccountSource,Levantamiento_ubicacion_georeferenciada__c,No_Vendedores_Total__c,IdERP__c,Presupuesto_Volantes_de_Profesionales__c,codRuta__c,Grupo__c,Total_ZDMC__c,BillingLongitude,Name,MAVerifiedLatitude__c,Canton__c,Promedio_Mensual_m3__c,Inversi_n_Obra__c,ShippingState,Hobbies__c,Total_Puntos__c,Transporte_propio_en_planta__c,Presupuesto_Camisetas__c,Nombre_propietario_de_la_cuenta__c,ShippingCity,Transporte_propio_Trailer__c,ParentId,Vehiculos_cliente_Mula__c,Fax,AnnualRevenue,Duraci_n_meses__c,Estado_Temporal__c,Vehiculos_cliente_Mini_Trailer__c,Asesor_Comercial__c,PhotoUrl,Parroquia__c,Email_contacto__c,IsDeleted,Proyecto__c,Ano_inicio_de_actividades__c,Contacto_principal__c,CuentaprincipalSAP__c,Seleccion_canal__c,Presupuesto_Ficha_Campeon_AH__c,Responsable_Servicio_Cliente_de_Cuenta__c,Presupuesto_Ficha_Amaduro_Granel__c,Zona_de_Ventas__c,Vehiculos_cliente_Trailer__c,Importe_orden_pendiente__c,Presupuesto_Guia_tecnica_de_utilizacion__c,Ventas_de_cemento_en_productos_SA__c,Description,ShippingStreet,LastModifiedDate,RUC__c,Servicio_de_Paletizado__c,No_Vendedores__c,ZDMC_Inactivas__c,U_Actualizaci_n__c,Presupuesto_Guia_t_cnica_del_hormig_n__c,ShippingPostalCode,Capacidad_de_la_bodega__c,Levantamiento_ubicacion_georeferenciada__Latitude__s,Grupo_comercial__c,Field1__c,BillingLatitude,Zona__c,Monto_en_curso_del__c,Proveedor_Principal_Cemento__c,BillingAddress,LastReferencedDate,ShippingLatitude,MALongitude__c,Resistencia__c,BillingCountry,Productos_Especiales__c,X11_20__c,Proveedor_Hormigon__c,Telefono_Contacto_principal__c,Calle_levantamiento__c,PDV__c,Categor_a_de_precios__c,Prefabricadores__c,Calificaci_n__c,Cliente_TOP__c,Presupuesto_Diptico_de_armaduro__c,Ubicacion_Georeferenciada__Latitude__s,ShippingAddress,Correo_electr_nico__c,MasterRecordId,Responsable_Servicio_al_Cliente__c,MALatitude__c,BillingStreet,Presupuesto_Llaveros__c,Canal__c,Indicador_de_riesgo__c,Sitio__c,Estimado_Consumo_Hormigon__c,Estado_de_la_Obra__c,BillingPostalCode,Ubicacion_Georeferenciada__c,Cargo_Contacto_Principal__c,Type,Transporte_propio_Mula__c,Resistencia_Secundaria__c,Ubicaci_n_Georeferenciada__c,JigsawCompanyId,Presupuesto_Ficha_Campeon_Granel__c,Presupuesto_Ficha_Campeon__c,D_as_sin_actividad__c,Industry,Cantidad_de_Locales__c,Correo_electronico_2__c,Codigo_postal_levantamiento__c,Comentario_Precio__c,Presupuesto_Esferos__c,Condicion_de_Pago__c,Estado_cliente__c,Condiciones_Comerciales__c,MAVerifiedLongitude__c,CreatedById,Ubicaci_n_Georeferenciada__Longitude__s,Presupuesto_Gorras__c,CreatedDate,Presupuesto_Diptico_de_campe_n__c,BillingState,Presupuesto_Dipticos_de_Bolsillo__c,Saldo_disponible__c,X50__c,Telf_Contacto__c,Total_vencido__c,Subzona__c,Hormigonerosa__c,Estimado_Consumo_Cemento__c,Prefabricados__c,Cobertura__c,idSAP__c,Dist_Cemento_Principal__c,Modo_de_Pago__c,Presupuesto_Ficha_Armaduro__c,Nombre_Zona_Ventas__c,Fecha_Nacimiento__c,No_actual_de_visitas__c,Referencia_para_entrega_de_correo__c,SicDesc,Pais_levantamiento__c,Estado_levantamiento__c,Camiones_de_reparto__c,BillingGeocodeAccuracy,No__c,Reporte_Tableau__c,ZDMC_Activas__c,Ranking_en_la_zona_de_influencia__c,Segmentaci_n_Comercial__c,Agotamiento__c,OwnerId,D_as_de_cr_dito__c,Levantamiento_ubicacion_georeferenciada__Longitude__s,ShippingCountry,Descrip_Cuenta__c,Precio_Hormig_on__c,Presupuesto_Ficha_Magno__c,Total_No__c,Ubicaci_n_Georeferenciada__Latitude__s,NumberOfEmployees,Target_de_visitas_al_a_o__c,Vehiculos_cliente_Reparto__c,Dias_de_Credito__c,SystemModstamp,Marcas_Manejantes__c,Coordinador_Comercial__c,Presupuesto_Ficha_Selvalegre_granel__c,Id,Numero_de_actividades__c,Presupuesto_Ficha_Selvalegre_GU__c,Puntos_Propios__c,porcentaje_ventas_para_cobertura__c,LastModifiedById,Obras__c,Participacion_de_cemento_en_ventas__c,C_d_D_as_de_cr_dito__c,de_ventas_de_cemento_en_negocio__c,maps__AssignmentRule__c,Tipo_de_Cliente__c,Local_Propio__c,X21_30__c,Presupuesto_Ficha_Gladiador__c,Presupuesto_Triptico_de_gama_de_producto__c,Tipo_de_Construccion__c,Nombre_Contacto__c,X1_10__c,Presupuesto_Ficha_Selvalegre_AH__c,Presupuesto_Dipticos_de_Alba_iles__c,Website,Frecuencia_PDV__c,Numero_de_Empleados__c,Cuenta_Adicional__c,ResponsableServicioClienteSAP__c,Hormigoneros__c,Presupuesto_Gorras_Safari__c,Ubicacion_Georeferenciada__Longitude__s,BillingCity,Correo_Contacto__c,Otros__c,Presupuesto_Escalimetros__c,Ranking_Prov_Vtas_2019__c,Transporte_propio_Mini_Trailer__c,Monto_en_curso__c,LastViewedDate,Ventas_anuales_estimadas__c,ShippingLongitude,Constructora__c,N_Locales_Propios__c,Limite_Total_de_Cr_dito__c,M2_estimados_de_construcci_n__c""";;full;10;SALESFORCE_UNACEM_EC;account;
SAP_UNACEM_EC_I_CUSTOMER_CDS;true;;;;full;10;SAP_UNACEM_EC;I_CUSTOMER_CDS;
CONCREMAX_FULL_DMS_OBR;true;;;;full;10;CONCREMAX_FULL_DMS;obr;
UNICON_FULL_DMS_NTR;true;;;;full;10;UNICON_FULL_DMS;ntr;
SAP_UNACEM_EC_ZIMLDOCCCS;true;;;;full;10;SAP_UNACEM_EC;ZIMLDOCCCS;
SAP_UNACEM_EC_ZIACMGENDOMVH;true;;;;full;10;SAP_UNACEM_EC;ZIACMGENDOMVH;ZIACMGENDOMVH
SAP_UNACEM_EC_ISDSALESDOCTYPETST_CDC;true;;;;full;10;SAP_UNACEM_EC;ISDSALESDOCTYPETST_CDC;ISDSALESDOCTYPET$T_CDC
SALESFORCE_SURVEYRESPONSE;true;;"""DateValue,Id,LastModifiedById,DateTimeValue,SurveyVersionId,NumberValue,ResponseValue,ChoiceValue,LastModifiedDate,QuestionChoiceId,CreatedDate,IsDeleted,InvitationId,Rank,QuestionId,Datatype,IsTrueOrFalse,SystemModstamp,CreatedById,ResponseShortText,ResponseId""";;full;10;SALESFORCE_UNACEM_EC;surveyresponse;
CONCREMAXREPLCS_FULL_DMS_TCOM_INSUMO_SDC;true;;;;full;10;CONCREMAXREPLCS_FULL_DMS;tcom_insumo_sdc;
UNICON_REPLCS_FULL_DMS_TICK;true;;;;full;10;UNICON_REPLCS_FULL_DMS;tick;
SAP_UNACEM_EC_ZIHANDUNITMDX;true;;;;full;10;SAP_UNACEM_EC;ZIHANDUNITMDX;ZIHANDUNITMDX
SHAREPOINT_Base_Ponderacion_Encuestas;true;UNACEM EC;*;;full;10;SHAREPOINT_UNACEM_EC;Base_Ponderacion_Encuestas;Base_Ponderacion_Encuestas.csv
CONCREMAX_FULL_DMS_CLI;true;;;;full;10;CONCREMAX_FULL_DMS;cli;
UNICON_FULL_DMS_CLI;true;;;;full;10;UNICON_FULL_DMS;cli;
SALESFORCE_CONTACT;true;;"""LeadSource,IsDeleted,Encuesta_bajo_demanda__c,MC4SF__MC_Subscriber__c,Fax,Jigsaw,JigsawContactId,PhotoUrl,Estado_de_Usuario_Propietario__c,MailingStreet,Correo_electr_nico_secundario__c,EmailBouncedReason,LastName,Gustos__c,Cliente__c,LastCUUpdateDate,Contacto_financiero__c,LastCURequestDate,Encuesta_Sacos__c,OwnerId,MailingState,Sucursal__c,No_actual_de_visitas__c,Id,Edad__c,HomePhone,AssistantName,MailingAddress,FirstName,OtherLatitude,Disgustos__c,Title,Recibe_Email__c,Tel_fono_personal__c,IsEmailBounced,nombrePropietario__c,MailingGeocodeAccuracy,Email,Propietario_Activo__c,Temporal__c,MailingPostalCode,MobilePhone,LastReferencedDate,Fecha_de_ltima_Encuesta__c,OtherCountry,MailingCity,MailingCountry,LastModifiedById,Description,Hobby_1__c,idContacto__c,Estado_encuesta__c,CreatedDate,Phone,OtherStreet,OtherLongitude,MailingLongitude,IndividualId,AccountId,CreatedById,OtherCity,OtherGeocodeAccuracy,Hobby_2__c,MasterRecordId,OtherPhone,Fecha_de_Nacimiento__c,OtherState,Department,Encuesta_Telef_nica__c,Birthdate,Name,Nombre_de_contacto_completo__c,Salutation,Estado__c,Cliente_1__c,OtherAddress,Encuesta_Granel__c,OtherPostalCode,AssistantPhone,LastActivityDate,MailingLatitude,LastModifiedDate,EmailBouncedDate,ReportsToId,LastViewedDate,SystemModstamp""";;full;10;SALESFORCE_UNACEM_EC;contact;
SAP_UNACEM_EC_ZISHIPMENTITEM;true;;;;full;10;SAP_UNACEM_EC;ZISHIPMENTITEM;
SAP_UNACEM_EC_ZISALESDOCPARTN;true;;;;full;10;SAP_UNACEM_EC;ZISALESDOCPARTN;
SALESFORCE_INVESTIGACI_N_GENERAL_DE_MERCADO__C;true;;"""LastActivityDate,Cuenta__c,SystemModstamp,CreatedDate,Candidato__c,CreatedById,Numero_de_Sacos_Semanales__c,Tipo_de_Cliente__c,OwnerId,IsDeleted,LastModifiedDate,Id,LastModifiedById,Name""";;full;10;SALESFORCE_UNACEM_EC;investigaci_n_general_de_mercado__c;
SAP_UNACEM_EC_ZIMDCUSTSLSAREA;true;;;;full;10;SAP_UNACEM_EC;ZIMDCUSTSLSAREA;ZIMDCUSTSLSAREA
SALESFORCE_UNICON_OBJ_UBIGEO__C_UNICON_PE;true;;*;;full;10;SALESFORCE_UNICON_PE;unicon_obj_ubigeo__c;
SAP_UNACEM_EC_IMDCUSTSLSAREA;true;;;;full;10;SAP_UNACEM_EC;IMDCUSTSLSAREA;IMDCUSTSLSAREA_CDC
SAP_UNACEM_EC_CSDSALESORGDX;true;;;;full;10;SAP_UNACEM_EC;CSDSALESORGDX;
SAP_UNACEM_EC_ZICUSTGRP2TEXT;true;;;;full;10;SAP_UNACEM_EC;ZICUSTGRP2TEXT;
SALESFORCE_USER;true;;"""IsExtIndicatorVisible,No_de_cargas__c,EmployeeNumber,UserPreferencesHideBiggerPhotoCallout,maps__EditMapsOrgWideQueries__c,UserPreferencesDisableAllFeedsEmail,Address,UserPermissionsSupportUser,UserPreferencesActivityRemindersPopup,UserPreferencesHideBrowseProductRedirectConfirmation,UserPreferencesShowProfilePicToGuestUsers,StayInTouchSubject,Signature,Name,ContactId,City,UserPreferencesHideSfxWelcomeMat,UserPreferencesHasSentWarningEmail,PostalCode,LastPasswordChangeDate,UserPreferencesShowStateToExternalUsers,UserPreferencesDisableSharePostEmail,UserPreferencesPathAssistantCollapsed,UserPermissionsOfflineUser,UserPermissionsMarketingUser,UserPreferencesShowStreetAddressToExternalUsers,DefaultGroupNotificationFrequency,UserPreferencesReceiveNotificationsAsDelegatedApprover,UserPreferencesHideLightningMigrationModal,UserPreferencesShowMobilePhoneToExternalUsers,EmailPreferencesStayInTouchReminder,UserPreferencesShowEmailToExternalUsers,UserPreferencesCacheDiagnostics,UserPermissionsInteractionUser,SmallPhotoUrl,maps__DeviceVendor__c,UserPreferencesHideChatterOnboardingSplash,UserPreferencesDisMentionsCommentEmail,SenderName,DigestFrequency,FirstName,maps__AllowMapsExports__c,OfflinePdaTrialExpirationDate,UserPreferencesReminderSoundOff,UserPreferencesShowForecastingChangeSignals,maps__DefaultZoomLevel__c,maps__MapsSetting__c,maps__MaxQuerySize__c,SystemModstamp,IsProfilePhotoActive,ForecastEnabled,Fax,UserPreferencesPreviewLightning,UserPreferencesShowPostalCodeToExternalUsers,UserPreferencesUserDebugModePref,maps__TPApprover__c,maps__ReceiveBatchExceptionEmails__c,Street,UserPreferencesDisableMessageEmail,UserPreferencesShowFaxToExternalUsers,UserPreferencesHideCSNGetChatterMobileTask,StayInTouchNote,UserPreferencesNativeEmailClient,ReceivesInfoEmails,UserPreferencesHideCSNDesktopTask,UserPreferencesFavoritesShowTopFavorites,FullPhotoUrl,Division,LastViewedDate,UserRoleId,ManagerId,UserPreferencesHideSecondChatterOnboardingSplash,SenderEmail,LastLoginDate,UserPreferencesDisableFileShareNotificationsForApi,GeocodeAccuracy,UserPreferencesDisableFollowersEmail,UserType,UserPreferencesShowManagerToExternalUsers,LastName,UserPreferencesEventRemindersCheckboxDefault,UserPreferencesDisProfPostCommentEmail,maps__MaxExportSize__c,maps__FinishedAdvRouteSetup__c,maps__DefaultLatitude__c,UserPreferencesShowPostalCodeToGuestUsers,UserPreferencesRecordHomeSectionCollapseWTShown,UserPreferencesShowStateToGuestUsers,UserPreferencesLightningExperiencePreferred,SmallBannerPhotoUrl,UserPreferencesCreateLEXAppsWTShown,CompanyName,CreatedById,EmailEncodingKey,BadgeText,UserPreferencesShowCountryToExternalUsers,EmailPreferencesAutoBccStayInTouch,Department,CallCenterId,FederationIdentifier,UserPreferencesEnableAutoSubForFeeds,UserPreferencesApexPagesDeveloperMode,UserPreferencesNewLightningReportRunPageEnabled,UserPreferencesRecordHomeReservedWTShown,LocaleSidKey,maps__DefaultProximityRadius__c,UserPreferencesHideEndUserOnboardingAssistantModal,UserPreferencesDisableProfilePostEmail,UserPreferencesReceiveNoNotificationsAsApprover,UserPreferencesSuppressEventSFXReminders,ReceivesAdminInfoEmails,UserPreferencesDisableBookmarkEmail,CreatedDate,IndividualId,Phone,Title,UserPermissionsSFContentUser,AboutMe,UserPreferencesSRHOverrideActivities,BannerPhotoUrl,UserPermissionsCallCenterAutoLogin,maps__PreferredTypeOfMeasurement__c,ProfileId,Email,UserPermissionsAvantgoUser,UserPreferencesShowCityToGuestUsers,maps__TestUserLookup__c,UserPreferencesHideOnlineSalesAppWelcomeMat,UserPreferencesShowWorkPhoneToGuestUsers,MediumBannerPhotoUrl,UserPreferencesHasSentWarningEmail240,UserPreferencesDisableEndorsementEmail,MediumPhotoUrl,maps__BetaTester__c,Latitude,UserPreferencesTaskRemindersCheckboxDefault,UserPreferencesShowWorkPhoneToExternalUsers,Country,Longitude,TimeZoneSidKey,UserPreferencesShowTitleToGuestUsers,UserPreferencesDisableChangeCommentEmail,State,StayInTouchSignature,UserPreferencesSortFeedByComment,UserPreferencesHasSentWarningEmail238,OutOfOfficeMessage,Alias,Id,NumberOfFailedLogins,OfflineTrialExpirationDate,UserPreferencesShowManagerToGuestUsers,LastModifiedById,UserPreferencesDisableMentionsPostEmail,UserPreferencesDisableLaterCommentEmail,UserPreferencesShowCityToExternalUsers,maps__DeviceId__c,LastReferencedDate,LastModifiedDate,UserPreferencesHideS1BrowserUI,Username,UserPreferencesSuppressTaskSFXReminders,maps__DefaultLongitude__c,UserPreferencesFavoritesWTShown,maps__DefaultType__c,UserPreferencesExcludeMailAppAttachments,DelegatedApproverId,CommunityNickname,UserPreferencesPreviewCustomTheme,UserPermissionsChatterAnswersUser,Extension,UserPreferencesDisCommentAfterLikeEmail,LanguageLocaleKey,UserPreferencesShowEmailToGuestUsers,UserPreferencesShowMobilePhoneToGuestUsers,AccountId,maps__Version__c,EmailPreferencesAutoBcc,DB_Region__c,MobilePhone,UserPreferencesShowTitleToExternalUsers,UserPreferencesShowFaxToGuestUsers,UserPreferencesGlobalNavGridMenuWTShown,UserPreferencesDisableLikeEmail,UserPreferencesGlobalNavBarWTShown,UserPreferencesReverseOpenActivitiesView,UserPreferencesShowStreetAddressToGuestUsers,UserPreferencesShowCountryToGuestUsers,IsActive,UserPreferencesHasCelebrationBadge""";;full;10;SALESFORCE_UNACEM_EC;user;
SALESFORCE_UNICON_OBJ_VOLUMENAPROXIMADO__C_UNICON_PE;true;;*;;full;10;SALESFORCE_UNICON_PE;unicon_obj_volumenaproximado__c;
UNICON_FULL_DMS_TCB;true;;;;full;10;UNICON_FULL_DMS;tcb;
SALESFORCE_QUOTELINEITEM_UNICON_PE;true;;*;;full;10;SALESFORCE_UNICON_PE;quotelineitem;
SALESFORCE_COMPROMISE__C;true;;"""ClientType__c,Name,CompromiseDetail__c,IsDeleted,LastModifiedDate,OwnerId,CreatedDate,CompromiseType__c,Cliente__c,ActividadesCompromiso__c,ToDate__c,LastReferencedDate,LastActivityDate,LastModifiedById,Candidato__c,GeneralAdvance__c,CreatedById,SystemModstamp,Status__c,LastViewedDate,Id,FromDate__c""";;full;10;SALESFORCE_UNACEM_EC;compromise__c;
UNICON_FULL_DMS_TCOM_COSTO_SDC;true;;;;full;10;UNICON_FULL_DMS;tcom_costo_sdc;
SALESFORCE_UNICON_OBJ_PRODUCTO__C_UNICON_PE;true;;*;;full;10;SALESFORCE_UNICON_PE;unicon_obj_producto__c;
SAP_UNACEM_EC_CSDBILDOCITMBDX1;true;;;;full;10;SAP_UNACEM_EC;CSDBILDOCITMBDX1;
SAP_UNACEM_EC_ZITRANSPZONETEXT;true;;;;full;10;SAP_UNACEM_EC;ZITRANSPZONETEXT;
SHAREPOINT_base_proyecciones_diarias;true;UNACEM EC;*;;full;10;SHAREPOINT_UNACEM_EC;base_proyecciones_diarias;base_proyecciones_diarias.csv
SHAREPOINT_BD_EBITDA_Real_ok;true;UNICON PE;*;;full;10;SHAREPOINT_UNACEM_EC;BD_EBITDA_Real_ok;General/UNICON PE/BD_EBITDA_Real_ok.csv
CONCREMAX_FULL_DMS_EST;true;;;;full;10;CONCREMAX_FULL_DMS;est;
CONCREMAXREPLCS_FULL_DMS_SCHD;true;;;;full;10;CONCREMAXREPLCS_FULL_DMS;schd;
UNICON_FULL_DMS_EQU;true;;;;full;10;UNICON_FULL_DMS;equ;
SAP_UNACEM_EC_POC_ZIMFGORDD;true;;;;full;10;SAP_UNACEM_EC_POC;ZIMFGORDD;ZIMFGORDD
SHAREPOINT_test_file1;true;UNACEM EC;*;;full;10;SHAREPOINT_UNACEM_EC;test_file1;test_file1.xlsx
CONCREMAXREPLCS_FULL_DMS_ORDL;true;;;;full;10;CONCREMAXREPLCS_FULL_DMS;ordl;
SAP_UNACEM_EC_ZIPLANT;true;;;;full;10;SAP_UNACEM_EC;ZIPLANT;
SAP_UNACEM_EC_ZIORDERDELIVOS;true;;;;full;10;SAP_UNACEM_EC;ZIORDERDELIVOS;
SALESFORCE_CASE;true;;"""UNICON_fld_EvidenciaIncidente__c,UNICON_fld_CC_CorreoOpcional4__c,Type,UNICON_fld_AreaResponsableIncidente__c,SuppliedName,UNICON_fld_FechaCierreIncidente__c,Comments,UNICON_fld_CC_CorreoOpcional__c,UNICON_fld_FechaIncidente__c,UNICON_fld_AcuerdoComercial__c,UNICON_fld_CC_CorreoEjecutivoVentas__c,UNICON_fld_SubTipoSIUNICON__c,UNICON_fld_CC_CorreoCliente2__c,UNICON_fld_CantidadPedidosAfectados__c,UNICON_fld_CC_CorreoOpcional3__c,UNICON_fld_Lider__c,UNICON_fld_UnidadNegocio__c,UNICON_fld_MontoReconocidoSoles__c,UNICON_fld_Obra__c,LastViewedDate,UNICON_fld_Obra2__c,ContactMobile,SuppliedEmail,Id,UNICON_fld_SubTipoSeguridad__c,UNICON_fld_EjecutivoComercial__c,AssetId,SuppliedCompany,UNICON_fld_CorreoOpcional__c,UNICON_fld_Naturaleza__c,LastModifiedDate,UNICON_fld_IndicarNumeroPedidos__c,UNICON_fld_CorreoResponsableRespuesta__c,UNICON_fld_TipoProducto__c,AccountId,ContactFax,Origin,UNICON_fld_CausaRaizIncidente__c,ClosedDate,ContactPhone,UNICON_fld_SubTipoConcretoEstdEndurecido__c,Status,IsDeleted,ContactEmail,UNICON_fld_CantidadGuiasAfectadas__c,UNICON_fld_SubTipo__c,UNICON_fld_MedioIngreso__c,UNICON_fld_SubTipoOpMixer__c,UNICON_fld_SubTipoAtencionCliente__c,UNICON_fld_FechaComunicacionCliente__c,BusinessHoursId,UNICON_fld_PresentoDanio__c,UNICON_fld_DocumentoRespuestaAdjunto__c,SuppliedPhone,SystemModstamp,UNICON_fld_SubUnidadNegocio__c,UNICON_fld_MedioReconocimiento__c,OwnerId,MasterRecordId,UNICON_fld_Cliente2__c,UNICON_fld_SubTipoConcretoEstadoFresco__c,IsClosed,IsEscalated,UNICON_fld_TipoEvaluacion__c,UNICON_fld_Empresa__c,Subject,Priority,Description,Reason,UNICON_fld_CC_CorreoOpcional2__c,UNICON_fld_PersonaReportaIncidente__c,UNICON_fld_IndicarNumeroGuias__c,UNICON_fld_CorreoCliente__c,UNICON_fld_SubTipoOpBomba__c,CreatedById,UNICON_fld_Planta__c,LastReferencedDate,UNICON_fld_CorreoPersonaReportaIncidente__c,CurrencyIsoCode,UNICON_fld_Segmento__c,UNICON_fld_TipoServicio__c,UNICON_fld_ProcedeIncidente__c,LastModifiedById,CaseNumber,UNICON_fld_MontoReclamado__c,ParentId,CreatedDate,UNICON_fld_EvidenciaReconocimiento__c,UNICON_fld_MedioReconocimientoEfectuado__c,UNICON_fld_MarcaTemporal__c,SourceId,UNICON_fld_Clasificacion__c,UNICON_fld_SubTipoIncumplimientoServicio__c,UNICON_fld_ContenidoMensaje__c,UNICON_fld_CorreoLiderAsignado__c,UNICON_fld_Codigo__c,UNICON_fld_SubTipoAdministrativo__c,ContactId,UNICON_fld_Oportunidad__c""";;full;10;SALESFORCE_UNACEM_EC;case;
CONCREMAX_FULL_DMS_ART;true;;;;full;10;CONCREMAX_FULL_DMS;art;
SAP_UNACEM_EC_ZIBILLDOCBASDEX;true;;;;full;10;SAP_UNACEM_EC;ZIBILLDOCBASDEX;ZIBILLDOCBASDEX
UNICON_FULL_DMS_TIR;true;;;;full;10;UNICON_FULL_DMS;tir;
SAP_UNACEM_EC_ZILEDELIVDOCITEM;true;;;;full;10;SAP_UNACEM_EC;ZILEDELIVDOCITEM;ZILEDELIVDOCITEM
UNICON_FULL_DMS_ART;true;;;;full;10;UNICON_FULL_DMS;art;
SAP_UNACEM_EC_ZIROUTETEXT;true;;;;full;10;SAP_UNACEM_EC;ZIROUTETEXT;
UNICON_FULL_DMS_COB;true;;;;full;10;UNICON_FULL_DMS;cob;
SAP_UNACEM_EC_IFIJOURNALENT;true;;;;full;10;SAP_UNACEM_EC;IFIJOURNALENT;
SAP_UNACEM_EC_ZIPAYMENTTERMS;true;;;;full;10;SAP_UNACEM_EC;ZIPAYMENTTERMS;
SALESFORCE_USER_UNICON_PE;true;;*;;full;10;SALESFORCE_UNICON_PE;user;
UNICON_FULL_DMS_ACO;true;;;;full;10;UNICON_FULL_DMS;aco;
SALESFORCE_OBRA__C;true;;*;;full;10;SALESFORCE_UNACEM_EC;obra__c;
